{"stats":{"minecraft:mined":{"minecraft:spruce_leaves":2,"minecraft:spruce_log":1},"minecraft:custom":{"minecraft:jump":13,"minecraft:time_since_rest":2104,"minecraft:leave_game":1,"minecraft:crouch_one_cm":238,"minecraft:sprint_one_cm":387,"minecraft:play_time":2104,"minecraft:time_since_death":2104,"minecraft:walk_one_cm":795,"minecraft:sneak_time":76,"minecraft:total_world_time":2104,"minecraft:drop":1,"minecraft:fly_one_cm":715},"minecraft:dropped":{"minecraft:spruce_sapling":1},"minecraft:picked_up":{"minecraft:spruce_sapling":1,"minecraft:spruce_log":1}},"DataVersion":3465}